{
  "Combined": {
    "n": 599,
    "span_micro": {
      "precision": 0.7578483644523129,
      "recall": 0.991970252209528,
      "f1": 0.8592468111426205
    },
    "span_macro_f1": 0.8269523060118074,
    "example": {
      "precision": 0.9008097165991903,
      "recall": 0.9910913140311804,
      "f1": 0.943796394485684
    }
  },
  "Type 1 + clean": {
    "n": 300,
    "span_micro": {
      "precision": 0.19111289836131498,
      "recall": 0.900094696969697,
      "f1": 0.315283190977693
    },
    "span_macro_f1": 0.6883111582015302,
    "example": {
      "precision": 0.7487179487179487,
      "recall": 0.9733333333333334,
      "f1": 0.846376811594203
    }
  },
  "Type 2 + clean": {
    "n": 300,
    "span_micro": {
      "precision": 0.7318918517969069,
      "recall": 0.9956107159073709,
      "f1": 0.8436217510259918
    },
    "span_macro_f1": 0.824108254872166,
    "example": {
      "precision": 0.7537688442211056,
      "recall": 1.0,
      "f1": 0.8595988538681949
    }
  },
  "Type 3 + clean": {
    "n": 299,
    "span_micro": {
      "precision": 0.6553123515952165,
      "recall": 1.0,
      "f1": 0.7917688174847426
    },
    "span_macro_f1": 0.8147779511002126,
    "example": {
      "precision": 0.7525252525252525,
      "recall": 1.0,
      "f1": 0.8587896253602305
    }
  }
}